Name,Surname,Birthdate,Street Address,City,State,Zip,Phone,Interests,Photo
Darrel,Abbott,2/26/1954,"P.O. Box 911, 6065 Cras Rd.",Austin,TX,13011,1 (500) 832-4790,"Knitting, Fishkeeping, Auto Racing",men (60).jpg
Anjolie,Abbott,10/15/1981,"699 Et, Av.",Kansas City,MO,31212,1 (164) 649-3935,"Quilting, Birdwatching, Polo, Foreign Language Learning, Kayaking",women (23).jpg
Kyla,Adkins,6/16/1934,"P.O. Box 594, 9891 Mus. Rd.",West Valley City,Utah,96842,1 (205) 794-8936,"Curling, Photography, Sea Glass Collecting, Cheerleading",women (78).jpg
Francesca,Aguilar,2/20/1931,1301 Velit Road,Norfolk,Virginia,30973,1 (325) 867-4988,"Skateboarding, Whittling, Lacemaking, Writing, Mahjong, Inline Skating, Jogging",women (49).jpg
Ian,Aguirre,3/22/1946,903 Urna Avenue,Saint Paul,MN,52167,1 (471) 412-7595,"People Watching, Astrology, Mushroom Hunting/Mycology",women (85).jpg
Ima,Albert,9/30/1964,597 In Avenue,Indianapolis,Indiana,62730,1 (304) 533-2160,"Mineral Collecting, Dowsing, Association Football",men (87).jpg
Arthur,Allen,1/1/1954,"8799 At, Road",Columbia,MD,77839,1 (477) 222-3118,"Soapmaking, Mineral Collecting, Dance, Martial Arts, Pottery, Badminton",men (33).jpg
Brianna,Allison,7/2/1936,"P.O. Box 205, 490 Arcu. Ave",Fort Worth,Texas,83071,1 (773) 315-8495,"Ultimate Disc , Dancing, Board Sports, Hooping, Blacksmithing",women (55).jpg
Mollie,Allison,11/20/1955,4269 Netus Ave,Springfield,Missouri,94842,1 (220) 758-2400,"Ice Skating, Photography, Vintage Cars, Mineral Collecting",men (91).jpg
Lani,Andrews,3/10/1948,"P.O. Box 626, 4503 Donec Ave",Saint Louis,Missouri,35798,1 (471) 702-6015,"Knife Making, Soapmaking, Art Collecting",women (89).jpg
Alika,Armstrong,3/20/1986,Ap #925 Tristique Rd.,Burlington,Vermont,57095,1 (103) 658-4938,"Airsoft, Larping, Mountain Biking",men (65).jpg
Erica,Arnold,11/28/1940,5846 Egestas Street,Reading,Pennsylvania,42583,1 (983) 207-1380,"Debate, Rock Balancing, Basketball, Judo, Aircraft Spotting, Drawing",women (22).jpg
Rana,Ashley,1/25/1953,958 Cursus Av.,Seattle,WA,75360,1 (909) 244-0035,"Kombucha Brewing, Baseball, Dance, Tatting, Bus Spotting, Kayaking",men (62).jpg
Dara,Atkins,6/28/1978,Ap #418 Eu Street,Frankfort,KY,92203,1 (541) 388-0557,"Candle Making, Rock Balancing, Element Collecting, Watching Television, Gaming",women (86).jpg
Vernon,Avila,6/12/1965,860 Velit Ave,Fresno,CA,93087,1 (872) 485-0314,"Topiary, Laser Tag, Shooting, Learning",women (57).jpg
Carla,Avila,12/18/1952,134 Et Av.,Helena,Montana,24258,1 (238) 796-3402,"Cheerleading, Driving, Coloring, Triathlon, Quilting, Calligraphy, Shooting Sport",men (12).jpg
Nyssa,Baird,1/13/1958,"223 Ut, Street",Paradise,NV,30415,1 (738) 314-4030,"Tai Chi, Poker, Hunting",women (92).jpg
Phoebe,Baker,8/28/1965,"P.O. Box 466, 1047 Turpis Rd.",Newport News,VA,32391,1 (980) 215-9652,"Animal Fancy, Lucid Dreaming, Shortwave Listening, Cycling, Rock Climbing, Dowsing",women (13).jpg
Theodore,Ballard,4/28/1965,5335 Mollis. St.,Reno,Nevada,15733,1 (951) 541-9310,"Photography, Coloring, Road Biking, Foraging, Ghost Hunting",women (82).jpg
Diana,Barker,7/17/1975,Ap #385 Arcu. St.,Wyoming,WY,56543,1 (901) 271-6525,"Learning, Footbag, Kitesurfing, Reading",women (18).jpg
Camden,Barnes,1/28/1975,"300 Quam, Rd.",Bridgeport,Connecticut,12267,1 (916) 751-9150,"Movie And Movie Memorabilia Collecting, Knapping, Flag Football",women (9).jpg
Petra,Barr,5/22/1936,Ap #286 Tempus Avenue,Bloomington,Minnesota,87284,1 (338) 706-0472,"Trainspotting, Magic, Chess, Do It Yourself, Die-Cast Toy, Poi",women (86).jpg
Nissim,Beard,7/3/1952,807 Mollis Rd.,Mobile,Alabama,35770,1 (586) 540-7241,"Satellite Watching, Stone Collecting, Sewing, Racquetball, 3D Printing, Sculling Or Rowing",men (12).jpg
Raya,Beck,2/15/1942,1909 Nunc. Rd.,Athens,Georgia,82061,1 (812) 837-7031,"Genealogy, Knife Making, Macrame, Association Football, Woodworking",women (93).jpg
Lawrence,Bender,1/12/1948,2444 Nunc Road,Great Falls,MT,94558,1 (653) 742-5244,"Darts, Rappelling, Writing, Larping, Kombucha Brewing, Ice Hockey",women (36).jpg
Lucas,Berger,10/16/1978,"P.O. Box 351, 4658 Proin Rd.",Springdale,AR,71649,1 (931) 346-5483,"Mahjong, Horseback Riding, Dancing, Kayaking, Table Tennis, Video Gaming, Amateur Radio",women (77).jpg
Cameran,Blake,2/18/1969,802 Libero Road,Fort Smith,Arkansas,71938,1 (574) 754-4429,"Vehicle Restoration, Jogging, Sculpting, Wood Carving, Larping",men (48).jpg
Dexter,Blankenship,1/16/1963,119 Quisque Rd.,Tuscaloosa,Alabama,36815,1 (880) 154-9440,"American Football, Knife Throwing, Laser Tag, Cheerleading",men (89).jpg
Noble,Boone,9/24/1947,"Ap #333 Et, St.",Salt Lake City,Utah,19205,1 (218) 288-0241,"Sculling Or Rowing, Graffiti, Debate, Knitting, Model Building, Drawing, Skiing",men (51).jpg
Ivan,Bowers,12/17/1937,Ap #684 Integer St.,Kearney,Nebraska,85186,1 (392) 940-5302,"Antiquing, Model Building, Motor Sports, Figure Skating, Laser Tag, Tennis",men (43).jpg
Dean,Bowers,12/5/1986,4207 Urna St.,Kailua,HI,33522,1 (631) 375-2873,"Brazilian Jiu-Jitsu, Ice Skating, Element Collecting",women (14).jpg
Scarlet,Brady,1/6/1958,638 Justo. Ave,Joliet,IL,59349,1 (221) 552-4272,"Ice Hockey, Bus Spotting, Puzzles, Dancing, Sea Glass Collecting, Mountaineering",men (58).jpg
Leandra,Bright,1/3/1938,437 Natoque Road,San Francisco,CA,91110,1 (733) 703-8092,"Lucid Dreaming, Foraging, Bridge, Antiquing",women (24).jpg
Kitra,Brooks,9/25/1964,"P.O. Box 130, 4275 Auctor Road",Newport News,VA,13505,1 (997) 937-0391,"Seashell Collecting, Marbles, Ice Hockey",men (87).jpg
Ingrid,Browning,11/1/1984,Ap #436 Facilisis Road,Newport News,Virginia,45813,1 (501) 648-2083,"Fashion, Shooting, Stone Collecting, Skateboarding, Vintage Cars, Watching Television, Pigeon Racing",women (75).jpg
Clare,Bullock,5/6/1949,Ap #402 Purus. Avenue,Kearney,Nebraska,58731,1 (490) 465-5207,"Knapping, Poi, Photography, Air Sports",men (40).jpg
Octavia,Burt,3/16/1934,643 In Rd.,Little Rock,Arkansas,71150,1 (483) 741-5756,"Disc Golf, Martial Arts, Rugby, Macrame, Insect Collecting",men (52).jpg
Jaime,Butler,7/28/1947,Ap #967 Ut Rd.,Wilmington,DE,15519,1 (871) 444-2565,"Bus Spotting, Speed Skating, Lego Building, Astrology, Gardening",women (21).jpg
Stella,Byers,12/12/1940,Ap #402 Magna. Rd.,Rockville,Maryland,12926,1 (813) 691-9246,"Knapping, Creative Writing, Drawing, People Watching, Book Restoration, Deltiology",women (2).jpg
Nerea,Calhoun,11/15/1958,"9959 Eget, Road",Independence,MO,92514,1 (800) 312-1719,"Bridge, Trainspotting, Astrology, Macrame, Element Collecting, Knapping, Letterboxing",men (24).jpg
Alika,Callahan,5/26/1930,"P.O. Box 785, 4670 Mus. Rd.",Lowell,Massachusetts,17741,1 (646) 886-0331,"Record Collecting, Ultimate Disc , Rafting",men (86).jpg
Jolie,Cameron,7/23/1956,Ap #115 Libero Rd.,Kansas City,MO,25034,1 (568) 889-6998,"Skimboarding, Amateur Radio, Billiards, Ghost Hunting",men (75).jpg
Alexandra,Campbell,10/5/1958,125 Malesuada Av.,Savannah,GA,19704,1 (835) 896-2448,"Cabaret, Motor Sports, Polo, Whittling",women (54).jpg
TaShya,Carroll,5/8/1977,279 Dictum St.,Springfield,MO,12798,1 (965) 309-8411,"Quilling, Golfing, Crocheting",women (10).jpg
Sara,Carroll,7/14/1931,"Ap #132 Quam, Ave",Salt Lake City,UT,42339,1 (741) 906-5007,"People Watching, Sketching, Ghost Hunting, Marbles, 3D Printing",women (48).jpg
Ivor,Carson,3/21/1936,Ap #711 Ac Ave,Houston,TX,94387,1 (954) 928-4014,"Cheerleading, Footbag, Laser Tag, Kabaddi, Model Aircraft, Camping",men (84).jpg
Dillon,Carter,3/31/1969,4976 Ultrices Avenue,Augusta,GA,70194,1 (750) 725-1761,"Crochet, Pottery, Kombucha Brewing, Element Collecting, Climbing, Jewelry Making",women (61).jpg
Wallace,Carver,3/30/1978,767 Nibh. St.,Paradise,NV,14255,1 (615) 498-1182,"Color Guard, Antiquities, Kayaking, Ice Skating, Pigeon Racing",men (19).jpg
Sopoline,Casey,8/27/1930,627 Scelerisque Rd.,Eugene,OR,94835,1 (561) 776-8676,"Ultimate Disc , Sleeping, Association Football, Amateur Astronomy, Wood Carving",women (74).jpg
Zena,Castro,1/12/1936,"P.O. Box 529, 3714 Magnis Street",Bear,Delaware,47434,1 (180) 750-1486,"Dance, People Watching, Computer Programming",men (86).jpg
Anika,Chan,8/17/1956,"P.O. Box 691, 3812 Amet Rd.",Owensboro,KY,21799,1 (826) 391-1153,"Triathlon, Soapmaking, Climbing, Jukskei, Letterboxing, Jogging, Birdwatching",women (86).jpg
Dai,Chaney,10/15/1957,525 Interdum St.,Cleveland,Ohio,80451,1 (480) 896-5871,"Marbles, Jukskei, Camping, Squash, Astrology",women (30).jpg
Erasmus,Chase,12/30/1942,573 Auctor St.,Pittsburgh,PA,73110,1 (903) 265-8276,"Amateur Astronomy, Dance, Do It Yourself, Fossil Hunting, Singing, Trainspotting",men (58).jpg
Cailin,Chase,10/25/1951,5072 Molestie Rd.,Atlanta,GA,26664,1 (170) 415-7959,"Juggling, Element Collecting, Whittling, Parkour, Tatting",men (46).jpg
Zachery,Chen,4/26/1935,8604 Diam. Street,Sandy,UT,34170,1 (668) 122-5553,"Stone Collecting, Lego Building, Macrame, Quilling, Traveling, Seashell Collecting, Flower Arranging",men (46).jpg
Heidi,Cherry,10/10/1951,"P.O. Box 818, 891 Fringilla Street",Biloxi,MS,69103,1 (845) 524-4389,"Knapping, Shooting Sport, Disc Golf",women (65).jpg
Thomas,Church,12/31/1974,Ap #992 Eros. St.,Gaithersburg,Maryland,77737,1 (908) 980-3815,"Marbles, Lego Building, Swimming, Electronics, Jukskei",men (57).jpg
Joshua,Cochran,12/13/1972,"P.O. Box 528, 7504 Consequat Rd.",Grand Rapids,Michigan,54053,1 (948) 974-9124,"Skydiving, Cheerleading, Animal Fancy, Herping, Billiards",women (3).jpg
Evangeline,Coleman,8/22/1945,892 Ultrices Road,West Jordan,Utah,55143,1 (557) 291-5588,"Shooting, Baton Twirling, Rugby League Football, Gymnastics, Mountaineering, Ice Skating, Hunting",women (53).jpg
Echo,Compton,9/30/1940,Ap #285 Commodo Av.,Columbus,Ohio,24216,1 (803) 725-8779,"Candle Making, Learning, Cooking, Die-Cast Toy",women (91).jpg
Geraldine,Crawford,12/30/1939,"P.O. Box 909, 6335 Consectetuer St.",San Diego,California,96419,1 (434) 317-4574,"Air Sports, Homebrewing, Flower Arranging",men (17).jpg
Ima,Crosby,3/3/1962,292 Lacus. Road,Little Rock,Arkansas,71169,1 (668) 904-6963,"Worldbuilding, Triathlon, Graffiti, Basketball, Disc Golf, Auto Racing",women (40).jpg
Aiko,Daniel,4/10/1934,387 Suspendisse Street,Juneau,Alaska,99966,1 (511) 632-8348,"Basketball, Book Restoration, Pottery, Art Collecting, Archery, Slot Car Racing",women (27).jpg
Tanner,Davenport,7/22/1989,"880 Montes, Ave",Chesapeake,VA,26181,1 (833) 760-9932,"Figure Skating, Parkour, Satellite Watching",women (21).jpg
Orla,Davenport,2/23/1932,"P.O. Box 590, 7007 Lobortis, St.",North Las Vegas,NV,21477,1 (851) 760-2132,"Astronomy, Taekwondo, Taxidermy, Coloring",women (36).jpg
Gage,Dean,12/27/1957,"P.O. Box 116, 4199 Sem Road",Bowling Green,Kentucky,22922,1 (556) 740-7176,"Triathlon, Reading, Sailing, Meteorology, Pigeon Racing, Metal Detecting, Geocaching",men (50).jpg
Zenaida,Delaney,9/28/1980,"P.O. Box 196, 6123 Nam Av.",Mesa,Arizona,85810,1 (414) 659-1261,"Soccer, Sleeping, Fantasy Sports, Beach Volleyball",women (17).jpg
Colton,Dillon,10/14/1962,Ap #757 Quis Road,Chicago,Illinois,11608,1 (577) 638-8051,"Skiing, Cycling, Chess, Photography, Base Jumping",men (89).jpg
Mira,Dominguez,8/20/1983,"Ap #962 Vitae, St.",Cambridge,MA,82147,1 (167) 544-9358,"Paintball, Poker, Jogging",men (46).jpg
Kim,Dominguez,3/18/1959,175 Pretium Rd.,Nashville,Tennessee,85755,1 (493) 603-4770,"Bus Spotting, Brazilian Jiu-Jitsu, Base Jumping, Amateur Astronomy, Breakdancing, Fantasy Sports, Netball",men (91).jpg
Athena,Donovan,11/28/1969,Ap #694 Mauris Av.,Green Bay,Wisconsin,61429,1 (690) 948-3185,"Larping, Satellite Watching, Satellite Watching",women (59).jpg
Yoshi,Dotson,8/20/1972,"6999 Quis, Street",Tucson,Arizona,85635,1 (406) 339-6480,"Shooting, Poker, Homebrewing, Scouting",men (74).jpg
Thane,Downs,12/20/1962,712 Vitae Rd.,Huntsville,Alabama,36543,1 (833) 975-2572,"Airsoft, Horseback Riding, Seashell Collecting, Scouting, Videophilia",women (72).jpg
Macey,Doyle,12/6/1959,560 Et St.,Columbus,Ohio,97082,1 (595) 252-5178,"Radio-Controlled Car Racing, Rock Climbing, Kite Flying",women (38).jpg
Sarah,Dudley,6/16/1977,"P.O. Box 758, 4038 In Street",Sterling Heights,MI,56468,1 (130) 568-5936,"Reading, Billiards, Geocaching, Figure Skating, Polo",men (20).jpg
Roanna,Duke,8/16/1972,Ap #344 Nulla. Avenue,Lewiston,Maine,83753,1 (574) 836-9792,"Crossword Puzzles, Stand-Up Comedy, Bodybuilding, Watching Movies, Ghost Hunting, Debate, Billiards",men (19).jpg
Stephanie,Dunlap,7/15/1977,6493 Vel Avenue,Chesapeake,VA,41073,1 (945) 386-0679,"Rugby, Walking, Record Collecting",men (41).jpg
Kibo,Dunlap,12/13/1984,"479 Erat, Av.",Oklahoma City,OK,64597,1 (884) 246-7326,"Dance, Gardening, Nordic Skating, Embroidery, Antiquing, Shortwave Listening, Fishing",women (62).jpg
Lamar,Durham,3/14/1969,3861 Risus. Rd.,Chesapeake,Virginia,87119,1 (635) 930-5832,"Inline Skating, Color Guard, Insect Collecting",men (60).jpg
Lesley,Eaton,6/1/1942,5582 Turpis Road,Huntsville,AL,35993,1 (612) 804-6771,"Knife Making, Painting, Book Restoration, Antiquing, Quilling, Bodybuilding",women (88).jpg
Buffy,Edwards,5/24/1945,9693 Turpis. St.,Henderson,Nevada,53870,1 (405) 475-8848,"Boxing, Glassblowing, Base Jumping, Stone Skipping, Dog Sport",women (69).jpg
Rose,Erickson,7/5/1937,332 Dolor St.,Sioux City,Iowa,23025,1 (222) 572-3055,"Volleyball, Golfing, Videophilia, Element Collecting, 3D Printing, Fossil Hunting, Scouting",women (52).jpg
Kelsie,Evans,7/9/1947,464 Aenean St.,South Portland,ME,18941,1 (716) 179-4510,"Knife Throwing, Playing Musical Instruments, Stone Skipping, Stand-Up Comedy, Macrame, Pet",women (10).jpg
Lance,Farmer,6/11/1968,3406 Cursus St.,Fort Worth,TX,97902,1 (157) 786-1183,"Fossil Hunting, Handball, Comic Book Collecting, Crocheting, Badminton",women (26).jpg
Remedios,Farrell,3/5/1932,"P.O. Box 763, 5252 At St.",Norfolk,VA,66680,1 (397) 521-0885,"Archery, Knitting, Knife Making, Field Hockey, Embroidery",women (66).jpg
Reece,Farrell,11/16/1935,464 Interdum. Avenue,Cambridge,MA,69601,1 (803) 954-3885,"Pigeon Racing, Lockpicking, Tai Chi, Traveling, Shooting",men (83).jpg
Brent,Faulkner,3/21/1956,"P.O. Box 520, 4004 Semper Rd.",Biloxi,MS,17977,1 (810) 936-9618,"Foreign Language Learning, Drawing, Traveling, Beekeeping, Astrology",women (9).jpg
Peter,Ferguson,2/10/1965,2704 Luctus Rd.,Rochester,Minnesota,52297,1 (608) 457-9461,"Weightlifting, Lucid Dreaming, Yo-Yoing",men (51).jpg
Urielle,Fernandez,5/19/1986,Ap #495 Dolor. Avenue,Fresno,California,96561,1 (824) 450-2651,"Worldbuilding, Puzzles, Aircraft Spotting, Climbing",men (84).jpg
Xander,Fernandez,9/5/1985,109 Consectetuer Street,Knoxville,Tennessee,43933,1 (432) 911-2069,"Orienteering, Crochet, Sewing, Gardening, Ice Hockey",men (57).jpg
Odessa,Fischer,11/10/1965,3690 Cras Rd.,Omaha,NE,84988,1 (256) 735-7593,"Trainspotting, Surfing, Kabaddi, Stone Skipping, Video Gaming, Stone Skipping",women (2).jpg
Tatum,Fitzgerald,2/28/1981,Ap #486 Eget St.,Kailua,Hawaii,85660,1 (246) 111-1392,"Pigeon Racing, Freestyle Football, Reading, Genealogy",men (7).jpg
Dylan,Fleming,12/8/1930,"P.O. Box 455, 6272 Eget St.",Frankfort,Kentucky,87749,1 (774) 406-7562,"Mushroom Hunting/Mycology, Camping, Dancing, Metal Detecting, Volleyball, Exhibition Drill",men (24).jpg
Steel,Fletcher,11/25/1976,"Ap #587 A, Av.",Hillsboro,OR,58098,1 (535) 168-5743,"Gunsmithing, Curling, Paintball, Dancing",women (20).jpg
Maggy,Flowers,12/12/1982,1362 Aliquam Street,Topeka,KS,50718,1 (441) 202-7957,"Metalworking, Weightlifting, Fantasy Sports",men (73).jpg
Tatiana,Forbes,11/30/1952,506 Nec Street,Idaho Falls,ID,37663,1 (326) 877-8527,"Dowsing, Knife Making, Figure Skating, Darts, Quilling, Trainspotting, Card Collecting",men (22).jpg
Drake,Franco,5/2/1982,Ap #496 Adipiscing. Rd.,Meridian,ID,99646,1 (504) 243-5733,"Jewelry Making, Topiary, Paintball, Quilting, Camping",men (62).jpg
Jasper,Franks,5/3/1976,9211 Non Street,Memphis,Tennessee,41422,1 (725) 466-1894,"Stone Collecting, Fencing, Gardening, Pet",women (86).jpg
Ina,Frederick,1/4/1952,7802 Ipsum Av.,West Jordan,UT,43137,1 (242) 606-1722,"Computer Programming, Mushroom Hunting/Mycology, Fashion, Sand Art",men (62).jpg
Noelle,Gaines,4/16/1937,"P.O. Box 551, 1369 Orci St.",West Valley City,Utah,98583,1 (533) 728-4404,"Flag Football, Debate, Badminton, Antiquing, Skimboarding",men (72).jpg
Leah,Gallagher,9/15/1963,411 Eleifend Rd.,Metairie,LA,16895,1 (431) 794-8692,"Volleyball, Antiquities, Card Collecting",women (13).jpg
Lionel,Gardner,9/5/1987,Ap #848 Proin Rd.,Aurora,CO,87429,1 (647) 332-2330,"Volleyball, Slacklining, Shortwave Listening",women (30).jpg
Thaddeus,Garrett,1/2/1950,8244 At St.,Norman,OK,71545,1 (886) 833-6347,"Boxing, Airsoft, Dowsing, Nordic Skating, Golfing, Shooting Sport, Yoga",women (94).jpg
Lisandra,Garrett,8/27/1987,"607 In, Rd.",Lawton,Oklahoma,73625,1 (192) 411-4004,"Web Surfing, Rafting, Fishing , Machining",women (60).jpg
Lucian,Garrison,1/13/1944,"P.O. Box 113, 866 Mi Avenue",Rutland,Vermont,50322,1 (709) 685-5209,"Figure Skating, Archery, Dowsing, Auto Audiophilia, Lego Building, Singing, Painting",men (20).jpg
Noel,Gates,3/28/1968,"P.O. Box 526, 6320 Elementum Ave",Stamford,CT,84275,1 (155) 981-8538,"Gongoozling, Boxing, Lacemaking, Squash, Tour Skating, Soapmaking",women (35).jpg
Samantha,Gates,1/31/1974,Ap #773 Accumsan Street,Austin,TX,77008,1 (959) 833-1271,"Electronics, Foraging, Magic",women (34).jpg
Joy,Gates,11/11/1939,"P.O. Box 822, 8716 Sociis Avenue",Los Angeles,CA,90545,1 (268) 265-4433,"Philately, Sleeping, Genealogy",men (16).jpg
Sybil,Gay,4/17/1963,925 Lectus. Av.,Green Bay,Wisconsin,10644,1 (760) 413-6627,"Trainspotting, Amateur Radio, Snowboarding, Lacemaking",women (10).jpg
Dahlia,Gentry,2/4/1952,Ap #868 Vestibulum Road,Erie,PA,36911,1 (464) 702-0404,"Radio-Controlled Car Racing, Slacklining, Boxing, Lacrosse, Tai Chi",women (73).jpg
Scarlett,Gilbert,1/15/1963,"6575 Id, St.",Chicago,IL,12839,1 (345) 587-7664,"Airsoft, Rugby, Beach Volleyball, Auto Audiophilia, Cosplaying",men (79).jpg
Upton,Gill,7/3/1965,Ap #586 Interdum Av.,College,Alaska,99883,1 (652) 607-0257,"Fantasy Sports, Bowling, Martial Arts, Fossil Hunting, Record Collecting",women (39).jpg
MacKenzie,Gill,10/20/1935,"5252 Amet, St.",Akron,OH,94166,1 (362) 157-2475,"Juggling, Nordic Skating, Polo",women (91).jpg
Denton,Glass,3/2/1988,Ap #584 Senectus St.,Louisville,KY,36462,1 (528) 460-2925,"Action Figure, Stone Collecting, Ultimate Disc , Cricket, Sketching",women (31).jpg
Hilary,Golden,9/22/1947,7346 Proin Road,Erie,Pennsylvania,24938,1 (573) 699-7892,"Bridge, Origami, Archery, Traveling, Video Gaming, Table Football, Lego Building",women (40).jpg
Demetria,Gomez,10/30/1978,730 Mauris Rd.,Indianapolis,Indiana,28857,1 (497) 238-1495,"Vacation, Geocaching, Nordic Skating, Playing Musical Instruments, Crossword Puzzles, Paintball, Mountain Biking",women (33).jpg
Gemma,Goodwin,11/7/1979,"1000 Montes, Road",Pocatello,ID,54667,1 (576) 654-0752,"Lacrosse, Footbag, Auto Racing, Breakdancing, Surfing",men (76).jpg
Jesse,Graham,8/15/1947,Ap #452 Sit Rd.,Grand Rapids,MI,74912,1 (902) 825-5320,"Skimboarding, Knitting, Vintage Cars",men (69).jpg
Hamish,Graves,9/28/1937,"P.O. Box 278, 9317 Neque. St.",Little Rock,AR,72279,1 (495) 310-5593,"Bridge, Worldbuilding, Roller Skating, Radio-Controlled Car Racing, Deltiology",women (86).jpg
Jayme,Griffin,12/19/1982,7190 Gravida St.,Detroit,MI,30628,1 (288) 847-9040,"Base Jumping, Baton Twirling, Kart Racing",women (51).jpg
Caryn,Griffin,4/29/1988,Ap #279 Elit Road,West Valley City,UT,62206,1 (352) 642-9586,"Soapmaking, Triathlon, Videophilia",women (16).jpg
Garrison,Griffin,7/4/1957,Ap #669 Semper Rd.,Athens,GA,19389,1 (338) 192-3353,"Candle Making, Air Sports, Do It Yourself",women (21).jpg
Kermit,Guthrie,12/15/1990,391 Sed Ave,Tuscaloosa,AL,35429,1 (648) 294-9633,"Roller Derby, Cryptography, Scouting, Field Hockey, 3D Printing, Sketching",women (30).jpg
Galvin,Hamilton,12/1/1966,238 Tellus Rd.,Bangor,Maine,93293,1 (122) 761-5207,"Computer Programming, Lego Building, Darts, Candle Making, Soapmaking",men (15).jpg
Anne,Harper,10/5/1979,"P.O. Box 993, 2025 Faucibus Avenue",Tulsa,Oklahoma,23189,1 (759) 830-7317,"Color Guard, Acting, Kayaking, Art Collecting, Woodworking",women (56).jpg
Laura,Harrington,4/15/1945,"P.O. Box 979, 2535 Lectus Av.",Owensboro,Kentucky,46081,1 (848) 201-9092,"Do It Yourself, Crossword Puzzles, Bus Spotting, Vehicle Restoration",men (31).jpg
Scarlett,Hayes,11/13/1944,"P.O. Box 399, 8634 At, Ave",Racine,WI,76655,1 (122) 343-9730,"Snowboarding, Sand Art, Auto Audiophilia",women (94).jpg
Bert,Higgins,12/8/1942,"P.O. Box 774, 357 Ornare. Ave",Wichita,Kansas,72774,1 (746) 352-0402,"Antiquing, Crocheting, Lego Building, Macrame",women (85).jpg
Herman,Hogan,1/4/1935,"P.O. Box 549, 1239 Ligula Rd.",Meridian,ID,88578,1 (889) 554-6837,"Auto Audiophilia, Astronomy, Electronics, Camping",women (78).jpg
Gisela,Hogan,1/8/1969,"P.O. Box 688, 488 Magna. Rd.",Nashville,Tennessee,41117,1 (506) 981-1753,"Boxing, Birdwatching, Dance, Lego Building, Gymnastics, Handball, Ultimate Disc",men (8).jpg
Kellie,Holloway,1/16/1953,386 Vulputate Road,Cambridge,Massachusetts,60192,1 (197) 448-3613,"Weightlifting, Orienteering, Ultimate Disc",women (86).jpg
Callum,Holt,8/18/1980,648 Vulputate Rd.,Anchorage,AK,99770,1 (601) 419-0723,"Water Sports, Running, Homebrewing",women (65).jpg
Charissa,Hooper,8/29/1973,779 A Rd.,Flint,Michigan,98185,1 (216) 499-9415,"Board Games, Freestyle Football, Wikipedia Editing",women (30).jpg
Rosalyn,Hoover,7/1/1987,669 Curabitur Road,Toledo,Ohio,41095,1 (944) 968-9901,"Figure Skating, Rappelling, Vintage Cars, Knitting, Kombucha Brewing, Exhibition Drill",women (25).jpg
Teegan,Horne,4/29/1988,8523 Nunc Rd.,Lakewood,CO,22390,1 (806) 904-7933,"Ghost Hunting, Playing Musical Instruments, Martial Arts, Baton Twirling, Web Surfing, Fishkeeping, Mushroom Hunting/Mycology",women (32).jpg
Martin,Hunter,7/6/1934,"P.O. Box 495, 8648 Tortor Ave",Covington,Kentucky,52033,1 (516) 182-8529,"Shopping, Radio-Controlled Car Racing, Cryptography, Hiking, Golfing, Flag Football",women (57).jpg
Preston,Hurley,2/29/1944,"P.O. Box 809, 9987 Aenean St.",Sandy,UT,51758,1 (785) 343-7302,"Chess, Taekwondo, Paintball, Animal Fancy",men (46).jpg
Juliet,Jackson,11/3/1937,"670 A, Ave",Hartford,CT,70095,1 (481) 760-5313,"Topiary, Sketching, Slot Car Racing, Fashion, Geocaching, Ice Skating",men (13).jpg
Liberty,Jacobs,10/11/1948,112 Cras Road,Rock Springs,Wyoming,24124,1 (186) 101-7123,"Knife Throwing, Creative Writing, Topiary, Pigeon Racing, Rugby League Football, Wood Carving",women (59).jpg
Dale,Jacobs,10/8/1987,"P.O. Box 240, 4358 Nunc Avenue",Toledo,Ohio,59229,1 (783) 595-6122,"Jukskei, Satellite Watching, Birdwatching, Fishkeeping",men (67).jpg
Nolan,Jenkins,12/14/1968,160 Libero Avenue,Fayetteville,AR,72646,1 (496) 403-0245,"Golfing, Movie And Movie Memorabilia Collecting, Meteorology, Lacemaking, Jigsaw Puzzles, Golfing, Kart Racing",men (17).jpg
Quon,Johnston,12/11/1934,"P.O. Box 976, 9455 Id Road",Norfolk,VA,57295,1 (829) 521-5543,"Amateur Radio, Scuba Diving, Inline Skating, Squash",women (71).jpg
Ethan,Jones,2/24/1941,347 Malesuada Avenue,Portland,OR,78967,1 (265) 928-4035,"Debate, Racquetball, Embroidery, Bodybuilding, Coloring, Beach Volleyball",men (74).jpg
Declan,Jordan,5/1/1990,"P.O. Box 852, 2260 A, St.",Montgomery,AL,35695,1 (829) 450-9760,"Larping, Handball, Soapmaking, Judo, Candle Making, Amateur Radio, Tatting",women (12).jpg
Fay,Joseph,10/8/1946,9446 Convallis Avenue,Biloxi,Mississippi,21278,1 (750) 218-9104,"Web Surfing, Kombucha Brewing, Model Aircraft, Gardening, Dance",women (95).jpg
Jayme,Joseph,8/15/1980,159 Posuere Ave,Aurora,CO,73479,1 (365) 151-4326,"Wood Carving, Dog Sport, Curling",men (94).jpg
Dane,Justice,11/1/1934,"P.O. Box 634, 4806 Neque. Street",Springfield,MO,89462,1 (380) 492-1720,"Field Hockey, 3D Printing, Shopping, Video Gaming, Video Gaming",men (92).jpg
Jasper,Justice,1/7/1960,525 Auctor Road,Detroit,MI,13057,1 (481) 942-3869,"Footbag, Jigsaw Puzzles, Learning, Electronics, Sea Glass Collecting",men (11).jpg
Kiona,Kaufman,3/7/1960,"Ap #533 In, St.",Louisville,Kentucky,89456,1 (305) 850-6803,"Satellite Watching, Pottery, Video Gaming, Auto Racing, Sand Art, Baseball, Basketball",women (40).jpg
Miranda,Keith,12/27/1967,Ap #871 Etiam Avenue,Lafayette,LA,42724,1 (388) 637-1353,"Genealogy, Foreign Language Learning, People Watching, Tatting, Shopping, Comic Book Collecting",women (76).jpg
Neville,Kirby,1/17/1964,5066 Quis Road,Cedar Rapids,Iowa,67669,1 (109) 624-6076,"Rugby, Cheerleading, Jogging",men (85).jpg
Kelly,Klein,6/11/1980,"P.O. Box 553, 6741 Est. Rd.",Juneau,AK,99916,1 (174) 910-2998,"Flag Football, Shortwave Listening, Comic Book Collecting, Geocaching, Playing Musical Instruments, Skimboarding, Mushroom Hunting/Mycology",women (24).jpg
Chanda,Klein,10/20/1933,"P.O. Box 498, 2761 Ultricies Av.",Bellevue,NE,55082,1 (479) 320-6505,"Microscopy, Soapmaking, Field Hockey",women (76).jpg
Karleigh,Knox,5/5/1960,"P.O. Box 408, 4236 Leo. Ave",Nampa,Idaho,25013,1 (946) 349-6126,"Crochet, Pet, Scouting, Auto Racing, Figure Skating",women (13).jpg
Gareth,Landry,3/27/1988,Ap #556 Faucibus St.,Lincoln,Nebraska,69230,1 (727) 145-4171,"Cycling, Vacation, Table Football, Rugby",women (28).jpg
Phillip,Landry,8/22/1931,5724 Feugiat Avenue,Kapolei,HI,66646,1 (665) 725-5496,"Slacklining, Cryptography, Flower Collecting And Pressing",men (65).jpg
Sharon,Lane,8/5/1980,287 Aliquam Street,Tuscaloosa,AL,35022,1 (928) 533-6683,"Digital Arts, Knife Throwing, Dog Sport, Ghost Hunting",women (56).jpg
Ronan,Lang,1/28/1979,396 Donec Rd.,Rochester,MN,87316,1 (353) 557-2099,"Foreign Language Learning, Polo, Stone Collecting",women (44).jpg
Doris,Leach,12/24/1960,Ap #355 Justo. Street,Waterbury,Connecticut,92495,1 (769) 110-2764,"Bodybuilding, Bus Spotting, Shooting, Rock Balancing",men (51).jpg
Fleur,Leach,9/30/1982,Ap #709 Nibh Road,Carson City,NV,86662,1 (925) 509-7134,"Jukskei, Shortwave Listening, Dowsing, Crossword Puzzles, Knife Making, Hunting",men (31).jpg
Carter,Lewis,11/7/1962,5763 Elementum Rd.,Wichita,KS,19223,1 (121) 581-0805,"Rappelling, Lacemaking, Genealogy, Flower Collecting And Pressing, Golfing, Ice Skating, Vehicle Restoration",men (11).jpg
Flavia,Lindsey,11/23/1989,"P.O. Box 121, 2541 Tortor. Rd.",Oklahoma City,Oklahoma,11292,1 (129) 777-7374,"Exhibition Drill, Watching Television, Climbing, Orienteering",men (46).jpg
Merrill,Lloyd,1/14/1950,1344 Enim Ave,Hilo,HI,71399,1 (389) 396-8685,"Kitesurfing, Mineral Collecting, Bodybuilding, Sleeping",men (36).jpg
Derek,Lloyd,12/6/1950,3094 Maecenas Av.,Fort Smith,Arkansas,71095,1 (480) 838-8544,"Trainspotting, Netball, Satellite Watching, Shopping",men (9).jpg
Dawn,Long,2/4/1947,Ap #963 Sit St.,Indianapolis,IN,87011,1 (384) 118-7880,"Book Restoration, Table Tennis, Juggling, Baseball, Crochet",women (60).jpg
Buckminster,Lowery,4/3/1975,"P.O. Box 536, 3061 Aliquam Rd.",Anchorage,AK,99849,1 (890) 504-3987,"Astrology, Slacklining, Woodworking, Field Hockey, Glassblowing, Genealogy, Skimboarding",men (28).jpg
Tashya,Lynn,2/24/1987,Ap #806 Metus Road,San Jose,California,93103,1 (921) 685-2477,"Mineral Collecting, Walking, Reading, Archery, Flying, Fishing",men (47).jpg
Zahir,Lynn,4/21/1971,"3907 Quis, Rd.",Ketchikan,Alaska,99635,1 (424) 329-4945,"Macrame, Inline Skating, Ghost Hunting, Art Collecting",women (85).jpg
Sydney,Macdonald,9/5/1977,6836 Et Ave,Rockville,Maryland,76222,1 (470) 232-4397,"Meteorology, Jogging, Seashell Collecting, Writing, Airsoft",men (45).jpg
Magee,Maldonado,4/30/1965,Ap #987 Dolor. Avenue,College,AK,99980,1 (123) 749-9732,"Dancing, Magic, Photography, Skiing, Quilting, Vintage Cars, Record Collecting",men (21).jpg
Sopoline,Marquez,11/29/1971,"P.O. Box 295, 5108 Amet Street",Fairbanks,AK,99942,1 (142) 601-3680,"Hooping, Dowsing, Crossword Puzzles, Gymnastics, Fashion",men (54).jpg
Imelda,Martinez,9/6/1958,"P.O. Box 575, 2101 Ac St.",Hilo,Hawaii,36948,1 (104) 301-1360,"Sand Art, Model Building, Soapmaking, Do It Yourself, Urban Exploration, Meteorology",men (5).jpg
Camilla,Mccarty,10/16/1974,897 Adipiscing. Ave,Wilmington,DE,54183,1 (390) 719-1588,"Ice Hockey, Record Collecting, Soccer, Hunting, Comic Book Collecting, Rugby League Football",women (70).jpg
Blythe,Mcconnell,5/12/1978,"P.O. Box 711, 213 Fermentum Rd.",Butte,Montana,94963,1 (940) 323-7796,"People Watching, Rugby, Antiquities, Driving, Playing Musical Instruments, Skydiving",men (1).jpg
Georgia,Mccormick,4/15/1930,Ap #558 Tincidunt Rd.,San Antonio,Texas,29344,1 (717) 135-8387,"Comic Book Collecting, Letterboxing, Antiquing",men (40).jpg
Tatyana,Mcdonald,9/12/1990,623 Consectetuer St.,Racine,Wisconsin,60664,1 (375) 334-5959,"Sleeping, People Watching, Electronics, Handball, Vehicle Restoration, Dancing",men (33).jpg
Shannon,Mcfadden,11/20/1960,Ap #752 Non Street,Newark,DE,30445,1 (327) 208-3421,"Fantasy Sports, Water Sports, Skiing, Seashell Collecting, Aircraft Spotting, Puzzles",women (76).jpg
Dominic,Mckenzie,6/15/1931,440 Nunc Av.,Birmingham,Alabama,35813,1 (652) 523-9116,"Color Guard, Association Football, Do It Yourself, Paintball, Equestrianism",men (90).jpg
Hedwig,Melendez,5/26/1943,"106 Auctor, St.",Colchester,VT,15404,1 (676) 413-6744,"Snowboarding, Knife Making, Topiary, Crochet",women (19).jpg
Griffith,Melendez,12/15/1954,"3126 Amet, St.",Fairbanks,AK,99743,1 (716) 643-0792,"Reading, American Football, Fishing, Topiary, Model Aircraft, Bowling, Drama",men (80).jpg
Haviva,Meyer,12/23/1980,856 Tincidunt St.,Allentown,PA,82017,1 (529) 700-0590,"Disc Golf, Dog Sport, Homebrewing, Beekeeping, Dowsing, Paintball",men (16).jpg
Alexis,Meyers,6/5/1978,"P.O. Box 507, 7978 Elit Av.",Wyoming,Wyoming,64777,1 (610) 359-4903,"Parkour, Flying, Aircraft Spotting, Mountaineering, Racquetball",women (58).jpg
Aimee,Miller,10/31/1932,Ap #348 Sodales Road,Colchester,Vermont,95633,1 (336) 562-2445,"Lockpicking, Poi, Video Gaming, Magic, Yoga, Mushroom Hunting/Mycology",women (84).jpg
Alfreda,Miranda,6/28/1968,"P.O. Box 143, 1484 Amet St.",Kansas City,MO,43826,1 (516) 366-3080,"Cryptography, Puzzles, Trainspotting",men (1).jpg
Carl,Molina,10/2/1949,555 Nunc Avenue,Oklahoma City,Oklahoma,18308,1 (495) 913-0677,"Wikipedia Editing , Coffee Roasting, Speed Skating, Playing Musical Instruments, Slacklining, Racquetball, Vacation",men (39).jpg
Bianca,Moody,3/10/1951,Ap #420 Erat St.,Springfield,Illinois,95005,1 (321) 733-3087,"Ice Hockey, Road Biking, Whittling, Fencing, Ice Hockey, Knitting",women (66).jpg
Lucius,Mooney,9/9/1949,"P.O. Box 715, 7767 Tristique St.",Baton Rouge,Louisiana,28529,1 (147) 645-6926,"Writing, Skimboarding, Graffiti",men (42).jpg
Jamal,Morgan,4/23/1950,3304 Erat Rd.,Chandler,AZ,85369,1 (757) 680-7313,"Tennis, Herping, Shopping, Do It Yourself, Beekeeping, Triathlon, Book Collecting",women (2).jpg
Hermione,Morin,3/14/1978,Ap #714 Per Av.,Independence,Missouri,80128,1 (903) 225-5069,"Amateur Radio, People Watching, Bus Spotting, Vehicle Restoration, Mahjong, Rappelling, Knife Making",men (81).jpg
Sacha,Mosley,1/16/1935,Ap #338 Fusce St.,Great Falls,MT,73634,1 (839) 739-0508,"Acting, Skydiving, Beekeeping, Stamp Collecting, Freestyle Football, Knitting, Videophilia",men (17).jpg
Jessamine,Moss,4/14/1938,573 Neque Ave,New Haven,Connecticut,53504,1 (975) 383-9956,"Vehicle Restoration, Model Building, Sailing, Crochet, Driving",women (94).jpg
Wallace,Mueller,3/23/1933,Ap #994 Auctor Rd.,Waterbury,Connecticut,16949,1 (378) 138-0718,"Do It Yourself, Microscopy, Camping, Cosplaying, Ice Skating, Rugby, Lucid Dreaming",men (17).jpg
Howard,Munoz,8/7/1941,Ap #255 Nulla Rd.,Saint Paul,MN,40939,1 (518) 488-3798,"Archery, Dowsing, Geocaching",men (87).jpg
Tucker,Navarro,12/28/1934,Ap #471 Aliquam Rd.,Sterling Heights,MI,88539,1 (903) 649-1989,"Origami, Racquetball, Sea Glass Collecting",women (67).jpg
Allen,Nieves,1/26/1953,"P.O. Box 120, 771 Purus. Av.",Kailua,HI,31528,1 (408) 791-8710,"Rappelling, Crocheting, Amateur Astronomy, Table Tennis, Sculling Or Rowing",men (66).jpg
Camille,Nieves,2/6/1962,3372 Malesuada St.,Aurora,Illinois,17651,1 (487) 648-6378,"Scouting, Road Biking, Rock Climbing, Vacation, Kart Racing, Stamp Collecting",women (28).jpg
Rhonda,Nunez,6/21/1973,7048 Dictum Ave,Indianapolis,IN,84769,1 (599) 251-4188,"Jigsaw Puzzles, Singing, Pottery, Gunsmithing, Amateur Astronomy, Beekeeping",women (65).jpg
Raphael,Nunez,8/15/1979,"P.O. Box 376, 9040 Vulputate St.",Anchorage,AK,99681,1 (430) 720-8298,"Skydiving, Bowling, Dowsing",women (32).jpg
Aiko,Nunez,4/19/1934,135 Vel Avenue,Nashville,Tennessee,34470,1 (287) 610-4497,"Antiquing, Knapping, Color Guard",women (26).jpg
Noble,Obrien,12/27/1937,3627 Molestie St.,Gillette,Wyoming,60368,1 (597) 403-0867,"Foreign Language Learning, Meteorology, Foreign Language Learning, Footbag, Pigeon Racing",men (90).jpg
Kaitlin,Odom,4/30/1961,129 Aliquet Road,Hillsboro,Oregon,82325,1 (338) 320-5918,"Roller Derby, Acting, Kite Flying, Photography",women (43).jpg
Walker,Olson,7/11/1942,5408 Cursus Ave,Sioux City,IA,67331,1 (534) 812-4142,"Bodybuilding, Coin Collecting, Yo-Yoing, Baseball, Tatting",women (24).jpg
Nora,Oneil,1/27/1941,6397 Sed Ave,West Valley City,Utah,28523,1 (297) 947-3507,"Calligraphy, Lucid Dreaming, Video Gaming, Yo-Yoing, Meteorology, Rafting, Letterboxing",women (24).jpg
Jaquelyn,Orr,8/24/1954,"P.O. Box 596, 7537 Ullamcorper Avenue",Fresno,CA,93501,1 (637) 503-6147,"Taxidermy, Insect Collecting, Singing, Element Collecting, Creative Writing",men (29).jpg
Emerald,Osborne,8/11/1966,"P.O. Box 161, 4751 Praesent Avenue",Springfield,Massachusetts,76006,1 (372) 618-2221,"Foraging, Orienteering, Board Sports",men (17).jpg
Adele,Pace,6/7/1938,"748 Id, Av.",Birmingham,Alabama,36725,1 (359) 860-1286,"Curling, Stone Skipping, Go, Table Football",men (12).jpg
Hadassah,Pacheco,1/22/1946,"P.O. Box 887, 2220 Aenean Avenue",Akron,Ohio,57953,1 (521) 551-7510,"Color Guard, Art Collecting, Brazilian Jiu-Jitsu, Die-Cast Toy",men (15).jpg
Branden,Padilla,5/2/1988,"P.O. Box 697, 3045 Massa. St.",Virginia Beach,Virginia,85359,1 (156) 459-7867,"Taekwondo, Woodworking, Gaming, Vacation, Lockpicking",men (78).jpg
Willa,Palmer,1/12/1967,"P.O. Box 272, 1314 Vitae Av.",Kansas City,KS,26832,1 (587) 287-4624,"Ghost Hunting, Racquetball, Lacrosse, Darts, Rappelling",men (35).jpg
Kameko,Park,5/18/1980,6932 Sit Ave,Des Moines,IA,50993,1 (849) 519-9186,"Flower Arranging, Watching Television, Archery",women (13).jpg
Wesley,Parrish,6/28/1956,779 Volutpat. Rd.,Bellevue,Washington,78307,1 (737) 557-5568,"Insect Collecting, Horseback Riding, Meteorology, Lacrosse",men (45).jpg
Dieter,Parrish,11/17/1930,Ap #822 Orci. Av.,Pike Creek,DE,15585,1 (266) 856-3418,"Candle Making, Flower Arranging, Sleeping, Rappelling, Field Hockey",women (25).jpg
Chelsea,Payne,8/18/1981,2165 Ligula. Avenue,Tucson,AZ,86426,1 (556) 958-1502,"Fishing , Graffiti, Ice Skating, Bridge, Association Football, Antiquities",men (64).jpg
Brenden,Pennington,12/12/1940,Ap #932 Nec Road,Spokane,WA,30223,1 (439) 880-8448,"Climbing, Genealogy, Dog Sport, Rugby, Kart Racing",women (31).jpg
Hannah,Perez,4/23/1953,"545 Ultrices, Ave",Tulsa,OK,14688,1 (527) 876-4550,"Sleeping, Sailing, Ultimate Disc , Reading, Disc Golf",men (45).jpg
Rosalyn,Peters,4/11/1951,1224 Lacus. St.,Kailua,HI,74812,1 (411) 447-6792,"Jogging, Road Biking, Drawing, Skateboarding, Drawing",men (91).jpg
Kaseem,Phillips,6/19/1946,"P.O. Box 368, 5256 Porttitor Road",Gulfport,Mississippi,90527,1 (517) 985-9529,"Fossil Hunting, Coffee Roasting, Lapidary, Australian Rules Football, Lego Building, Judo",men (68).jpg
Xerxes,Phillips,8/10/1981,4249 Morbi Ave,North Las Vegas,NV,75340,1 (265) 279-4197,"Sculling Or Rowing, Letterboxing, Magic, Mushroom Hunting/Mycology, Tai Chi, Skimboarding, Candle Making",men (44).jpg
Caleb,Pickett,1/11/1973,"P.O. Box 182, 763 Vulputate Rd.",Bloomington,MN,25222,1 (389) 883-0372,"Yo-Yoing, Puzzles, Mineral Collecting, Dancing, Web Surfing",men (17).jpg
Lucas,Pope,9/2/1974,"326 Eu, Ave",Chesapeake,VA,93546,1 (800) 221-5670,"Base Jumping, Auto Racing, Birdwatching, Bus Spotting, Quilling, Motor Sports, Tai Chi",men (40).jpg
Wynter,Porter,2/28/1974,Ap #610 Lectus Rd.,Bear,DE,71666,1 (481) 772-9666,"Gaming, Running, Die-Cast Toy, Exhibition Drill, Rappelling, Gaming",men (21).jpg
Hedwig,Porter,2/5/1954,682 Suspendisse Rd.,Honolulu,Hawaii,51045,1 (853) 834-0586,"Gaming, Stone Skipping, Dancing, Hooping, Herping, Vintage Cars, Hunting",men (11).jpg
Graiden,Powell,12/6/1949,"P.O. Box 463, 2211 Diam Rd.",Kenosha,Wisconsin,68029,1 (181) 944-0114,"Tour Skating, Card Collecting, Curling, Microscopy, Antiquing, Judo",men (74).jpg
Keegan,Pratt,3/13/1931,614 Magna Avenue,Jackson,Mississippi,93706,1 (820) 973-3503,"Fishing, Book Collecting, Ice Skating",men (92).jpg
Shana,Price,4/23/1980,Ap #674 Aliquet. St.,Pike Creek,Delaware,29780,1 (493) 100-4649,"Origami, Archery, Cosplaying, Dog Sport, Calligraphy, Pigeon Racing",men (57).jpg
Griffith,Pruitt,5/29/1930,"P.O. Box 121, 386 Amet, Ave",Salt Lake City,Utah,16170,1 (643) 173-8268,"Comic Book Collecting, Rock Climbing, Vintage Cars, Water Sports, Macrame, Tai Chi, Auto Audiophilia",women (63).jpg
Wendy,Pugh,11/17/1940,"P.O. Box 715, 2298 Mauris Avenue",Broken Arrow,Oklahoma,67505,1 (650) 264-2401,"Topiary, Weightlifting, Larping, Pigeon Racing, Seashell Collecting, Card Collecting",men (84).jpg
Ingrid,Ramirez,7/31/1957,923 Sit Road,Dover,Delaware,42359,1 (828) 239-4532,"Birdwatching, Magic, Baseball",men (7).jpg
Patience,Ramsey,1/22/1946,2311 Primis Street,New Orleans,Louisiana,62133,1 (130) 905-9886,"Cooking, Meteorology, Cryptography, Cricket, Soapmaking, Fishing, Breakdancing",men (76).jpg
Jolie,Randall,7/23/1964,277 Convallis Street,Burlington,VT,95134,1 (817) 373-5374,"Topiary, Lucid Dreaming, Lacrosse, Lacemaking, Fossil Hunting, Triathlon",men (75).jpg
Jeanette,Randolph,2/20/1986,775 Euismod Avenue,Carson City,NV,41138,1 (511) 376-2345,"Skydiving, Dancing, Fantasy Sports, Badminton",women (1).jpg
Jael,Rasmussen,7/27/1972,7206 Nisi St.,Meridian,Idaho,46859,1 (708) 166-2887,"Creative Writing, Ultimate Disc , Swimming",women (48).jpg
Belle,Ray,5/12/1975,Ap #902 Tincidunt. Avenue,Minneapolis,Minnesota,94492,1 (707) 168-6643,"Shortwave Listening, Cryptography, Yoga, Hooping, Calligraphy, Volleyball",women (73).jpg
Ariana,Reese,12/11/1968,"P.O. Box 250, 440 Nonummy St.",Covington,Kentucky,85464,1 (436) 965-2568,"Glassblowing, Badminton, Topiary, Lacemaking, Sea Glass Collecting, Microscopy, Wood Carving",men (79).jpg
Theodore,Reid,4/9/1988,643 Blandit Rd.,Essex,Vermont,90288,1 (724) 773-2008,"Driving, Stand-Up Comedy, Parkour, Lacemaking, Table Tennis",men (45).jpg
Lani,Richard,9/23/1947,Ap #567 Mattis. Road,North Las Vegas,Nevada,62954,1 (744) 861-3113,"Brazilian Jiu-Jitsu, Poker, Yo-Yoing, Kitesurfing, Traveling, Scuba Diving, Do It Yourself",men (54).jpg
Uriel,Richards,7/24/1968,3988 Vulputate St.,Chattanooga,TN,87339,1 (259) 153-7618,"Badminton, Singing, Weightlifting, Driving, Kite Flying",men (48).jpg
Mari,Riggs,11/6/1982,"P.O. Box 928, 2064 Lacus. Avenue",Bozeman,MT,26323,1 (402) 892-9690,"Seashell Collecting, Association Football, Cycling",men (10).jpg
Charlotte,Riley,10/23/1972,"P.O. Box 457, 4930 Pellentesque. St.",Shreveport,Louisiana,67429,1 (822) 596-4591,"Curling, Juggling, Color Guard, Lapidary, Photography",women (58).jpg
Amelia,Rivas,8/14/1943,518 Consequat St.,Auburn,Maine,37930,1 (923) 669-2473,"Footbag, Model Building, Model Aircraft, Watching Television, Driving, Footbag",men (69).jpg
Ginger,Rivera,10/15/1944,4669 Ipsum Rd.,Allentown,Pennsylvania,79139,1 (258) 239-0308,"Jewelry Making, Knapping, Roller Skating, Lacrosse, Antiquities",men (58).jpg
Ariana,Rivera,12/3/1948,4518 Justo Av.,Topeka,Kansas,47557,1 (783) 700-9613,"Slacklining, Playing Musical Instruments, Hooping, Trainspotting",men (41).jpg
Adele,Roberson,10/4/1975,"P.O. Box 820, 9289 Blandit Av.",Tuscaloosa,Alabama,36535,1 (317) 161-5595,"People Watching, Flying Disc, Beach Volleyball, Letterboxing",men (31).jpg
Fatima,Romero,2/4/1954,247 Euismod Ave,Duluth,Minnesota,80452,1 (672) 145-0138,"Mountaineering, Videophilia, Rafting, Quilting",women (92).jpg
Callum,Rosales,5/6/1950,Ap #876 Amet Avenue,Gillette,WY,15710,1 (827) 884-3764,"Squash, Paintball, Skimboarding, Bus Spotting",men (52).jpg
Linda,Roth,1/9/1959,321 Leo. Road,Montgomery,AL,36348,1 (447) 542-6490,"Handball, Metalworking, Board Sports, Juggling, Calligraphy, Taekwondo, Video Game Collecting",women (11).jpg
Tanisha,Roy,3/1/1948,"P.O. Box 231, 2434 Malesuada Rd.",Lexington,KY,24746,1 (515) 840-2797,"Computer Programming, Horseback Riding, Chess, Whale Watching, Sculling Or Rowing",men (90).jpg
Slade,Ryan,5/24/1976,794 Ligula. Road,Fairbanks,Alaska,99544,1 (755) 605-9060,"Calligraphy, Cycling, Fantasy Sports, Table Football, Squash, Worldbuilding, Color Guard",men (53).jpg
Haley,Ryan,8/5/1948,224 Et Street,Chattanooga,Tennessee,60020,1 (325) 756-7430,"Fossil Hunting, Australian Rules Football, Knitting, Drawing, Woodworking, Vintage Cars",men (21).jpg
Henry,Salinas,12/28/1931,"P.O. Box 317, 8686 Tincidunt St.",Sterling Heights,MI,76834,1 (996) 837-5514,"Astrology, Roller Skating, Darts",women (19).jpg
Jamal,Salinas,6/9/1984,Ap #413 Ultrices. Rd.,Paradise,Nevada,96585,1 (597) 256-1495,"Hiking, Astrology, Kabaddi, Kayaking",women (89).jpg
Cairo,Salinas,5/17/1955,"Ap #206 Lobortis, Ave",Cincinnati,OH,96142,1 (557) 609-1086,"Die-Cast Toy, Freestyle Football, Inline Skating, Camping, Calligraphy, Quilling",men (26).jpg
Taylor,Sanchez,9/3/1956,Ap #182 Habitant Avenue,Duluth,MN,61338,1 (421) 548-6380,"Rock Climbing, Fashion, Stone Collecting, Kombucha Brewing, Pet",women (2).jpg
Indira,Santana,11/21/1969,Ap #323 Sem Avenue,Gulfport,MS,38856,1 (400) 612-2971,"Wikipedia Editing , Board Games, Drama, Coin Collecting, Machining",women (80).jpg
Hanna,Santiago,5/7/1959,506 Ornare Ave,Covington,Kentucky,93723,1 (220) 887-8112,"Dance, Worldbuilding, Homebrewing, Slacklining, Meteorology, Scuba Diving, Soccer",women (48).jpg
Veda,Santiago,11/12/1942,"P.O. Box 747, 8814 Tellus. Ave",Bridgeport,CT,69207,1 (191) 927-6441,"Slot Car Racing, Sculpting, Painting",men (11).jpg
Shea,Schmidt,7/26/1962,3243 Ornare Avenue,Topeka,Kansas,15347,1 (396) 772-1697,"Tatting, Acting, Knapping",men (3).jpg
Quinlan,Schmidt,9/20/1982,"P.O. Box 547, 908 In St.",Green Bay,Wisconsin,37789,1 (124) 222-6348,"Disc Golf, Disc Golf, Darts, Trainspotting, Letterboxing, Auto Audiophilia, Traveling",women (7).jpg
Xantha,Schultz,1/17/1931,8636 Etiam Street,Great Falls,Montana,23751,1 (560) 458-6821,"Metal Detecting, Orienteering, Archery, Horseback Riding, Vacation, Rugby, Lacrosse",men (82).jpg
Vanna,Sears,5/21/1945,"P.O. Box 898, 3066 Ipsum Ave",Springfield,MO,56450,1 (507) 932-5024,"Cryptography, Baseball, Scrapbooking, Baseball, Gardening",women (81).jpg
Margaret,Sears,2/1/1965,Ap #129 Ligula. Av.,Chattanooga,TN,99816,1 (554) 580-0132,"Comic Book Collecting, Golfing, Baton Twirling",men (31).jpg
Hermione,Shepherd,5/9/1956,632 Tempor Av.,Cheyenne,Wyoming,27938,1 (345) 967-7793,"Speed Skating, Badminton, Table Football, Do It Yourself",men (94).jpg
Lillith,Shepherd,4/19/1930,537 Scelerisque Road,Knoxville,Tennessee,58964,1 (329) 376-2453,"Sleeping, Dancing, Computer Programming",women (74).jpg
Quail,Sheppard,12/7/1984,"422 Odio, Ave",Bridgeport,Connecticut,78055,1 (341) 242-5800,"Lacrosse, Beach Volleyball, Photography, Videophilia, Jewelry Making, Radio-Controlled Car Racing, Breakdancing",men (67).jpg
Nicole,Sheppard,4/20/1970,"P.O. Box 751, 8319 Velit Street",Juneau,AK,99874,1 (757) 493-6653,"Rappelling, Radio-Controlled Car Racing, Element Collecting, Cabaret, Ice Skating",women (1).jpg
Sydney,Sherman,2/10/1964,"805 Id, Street",Reading,Pennsylvania,39900,1 (285) 569-6340,"Scouting, Knife Throwing, Gardening",men (49).jpg
Giselle,Small,12/9/1956,"P.O. Box 685, 175 Proin St.",South Burlington,VT,48613,1 (363) 694-0066,"Fossil Hunting, Inline Skating, Snowboarding, Coloring",women (8).jpg
Fritz,Smith,11/14/1939,"P.O. Box 672, 7624 A, St.",Tampa,FL,40718,1 (416) 691-7130,"Cosplaying, Kabaddi, Hunting, Australian Rules Football, Art Collecting",women (94).jpg
Larissa,Solis,3/9/1941,5477 A Rd.,Gaithersburg,MD,76048,1 (630) 458-3909,"Reading, Air Sports, Airsoft, Drawing, Cosplaying, Drama, Shooting Sport",men (27).jpg
Lynn,Spencer,5/27/1984,"P.O. Box 557, 4057 Gravida Ave",Wyoming,WY,62513,1 (128) 194-9409,"Model Building, Knife Throwing, Tai Chi, Bus Spotting",women (82).jpg
Josephine,Stafford,10/22/1974,Ap #733 Condimentum Av.,Salem,Oregon,55393,1 (842) 263-0360,"Lacemaking, Candle Making, Fashion",men (74).jpg
Dexter,Steele,9/8/1949,307 Velit St.,Anchorage,Alaska,99625,1 (647) 781-2397,"Model Aircraft, Sewing, Rugby, Soapmaking",women (56).jpg
Alfonso,Stein,11/14/1978,870 Enim St.,Kailua,HI,32220,1 (551) 632-7096,"Cheerleading, Singing, Sea Glass Collecting",men (58).jpg
Theodore,Talley,8/22/1945,"P.O. Box 686, 1787 Magna. Rd.",Saint Paul,MN,60570,1 (563) 570-0080,"Die-Cast Toy, Writing, Soccer",women (37).jpg
Kelsie,Tran,12/19/1956,"Ap #334 In, Ave",Springfield,IL,45856,1 (329) 966-8737,"Marbles, Gongoozling, Weightlifting, Graffiti",women (63).jpg
Tamara,Tucker,4/7/1974,965 Bibendum Rd.,Flint,MI,45591,1 (870) 711-3874,"Magic, Orienteering, Graffiti, Skiing, Bridge, Pottery, Nordic Skating",men (8).jpg
Cole,Tyler,7/6/1931,"P.O. Box 850, 5103 Adipiscing Avenue",Grand Island,NE,93146,1 (378) 421-4599,"Camping, Disc Golf, Volleyball, Magic, Surfing",women (7).jpg
Germane,Tyson,2/5/1975,428 Etiam Avenue,Idaho Falls,ID,16615,1 (583) 752-0584,"Mountain Biking, Art Collecting, Watching Television, Fossil Hunting, Coloring, Digital Arts",women (15).jpg
Chanda,Underwood,1/22/1950,Ap #101 Suspendisse Road,Evansville,IN,70575,1 (145) 657-6614,"People Watching, Kite Flying, Cabaret, Nordic Skating",men (42).jpg
Sarah,Vaughan,11/1/1965,"P.O. Box 252, 3483 Habitant Road",South Bend,IN,39399,1 (705) 774-6381,"Baseball, Web Surfing, Wood Carving, Glassblowing, Tai Chi, Playing Musical Instruments",men (89).jpg
Callie,Vazquez,12/19/1973,"5989 Nec, Ave",Vancouver,Washington,19123,1 (723) 608-8741,"Knife Making, Model Building, Flower Arranging, Animal Fancy, Jewelry Making, Road Biking, Lacemaking",women (31).jpg
Elizabeth,Velazquez,8/24/1974,5990 Tristique St.,Huntsville,AL,35886,1 (920) 427-1954,"Comic Book Collecting, Meteorology, Gymnastics, Lapidary, Rugby",women (28).jpg
Ginger,Vincent,6/5/1932,915 Amet Rd.,Flint,Michigan,49513,1 (785) 798-7506,"Dowsing, Hiking/Backpacking, Mineral Collecting, Hooping, Martial Arts",women (78).jpg
Sebastian,Vinson,3/12/1931,"366 Purus, Street",Provo,Utah,20082,1 (682) 369-8013,"Genealogy, Orienteering, Cheerleading, Roller Skating",men (41).jpg
Gannon,Walls,6/16/1979,5862 Vivamus St.,San Francisco,California,93752,1 (536) 890-8893,"Rock Climbing, Shooting Sport, Auto Racing",men (84).jpg
Jason,Walls,7/3/1970,492 Ipsum St.,Lansing,MI,37783,1 (190) 427-3676,"Knife Making, Graffiti, Gongoozling, Blacksmithing, Dance",women (14).jpg
Kylee,Walters,1/4/1968,Ap #544 Gravida Road,Reno,Nevada,91725,1 (928) 395-3295,"Dowsing, Coffee Roasting, Skateboarding, Breakdancing",men (72).jpg
Valentine,Warner,4/5/1937,"P.O. Box 393, 6203 Molestie Rd.",Rock Springs,WY,63772,1 (697) 652-9257,"Book Collecting, Woodworking, Triathlon",men (37).jpg
Fuller,Warren,1/30/1947,Ap #675 Mauris Road,South Portland,ME,24457,1 (572) 977-1311,"Computer Programming, Graffiti, Air Sports",men (13).jpg
Shana,Wells,11/1/1972,Ap #251 Iaculis Avenue,Knoxville,Tennessee,70480,1 (418) 638-9609,"Embroidery, Wikipedia Editing , Quilling, Flag Football, Dowsing, Hiking/Backpacking",women (12).jpg
Kyla,Whitley,11/7/1957,Ap #145 Justo. St.,Huntsville,Alabama,35195,1 (811) 636-0309,"Table Football, Exhibition Drill, Soccer, Astronomy, Curling, Flower Arranging",men (71).jpg
Sheila,Whitley,8/12/1940,257 Mauris. Avenue,Southaven,Mississippi,91367,1 (397) 441-5788,"Jogging, Roller Derby, Mountain Biking, Jigsaw Puzzles",men (10).jpg
Madonna,Wilkerson,3/9/1982,"P.O. Box 184, 3155 Nec Avenue",Wichita,KS,87402,1 (618) 827-0390,"Beekeeping, Ultimate Disc , Color Guard",men (6).jpg
Ginger,Williams,3/25/1975,7793 Sapien Avenue,Metairie,LA,37431,1 (288) 758-3290,"Table Tennis, Driving, Shooting",women (57).jpg
Paul,Wise,1/15/1987,"P.O. Box 106, 1730 Nec Road",Wichita,KS,63727,1 (285) 736-5603,"Watching Movies, Kabaddi, Herping, Traveling, Crochet",men (6).jpg
Charles,Wise,6/24/1948,"6446 Mi, Road",Sioux City,IA,95946,1 (604) 957-6614,"Antiquities, Scuba Diving, Road Biking",men (71).jpg
Yardley,Witt,3/27/1944,198 In Rd.,Rockville,MD,18181,1 (967) 349-5445,"Fashion, Fashion, Flower Arranging",men (76).jpg
Alec,Wolf,1/31/1986,859 Nunc Rd.,Orlando,Florida,32328,1 (765) 309-3302,"Boxing, Gunsmithing, Lego Building",men (94).jpg
Malachi,Workman,11/14/1933,"P.O. Box 505, 5476 A Rd.",Tallahassee,FL,57571,1 (390) 642-7138,"Aircraft Spotting, Astronomy, Magic, Dancing",women (34).jpg
Darrel,Zimmerman,11/4/1969,240 Scelerisque Av.,Rochester,MN,15663,1 (149) 751-0287,"Jigsaw Puzzles, Origami, Creative Writing, Rugby League Football, Equestrianism",women (39).jpg
